,precision,recall,f1-score,support
contradiction,0.3339920948616601,0.1015015015015015,0.15568862275449102,1665.0
entailment,0.339972838388411,0.4535024154589372,0.3886157826649418,1656.0
neutral,0.34966887417218545,0.47739602169981915,0.4036697247706422,1659.0
accuracy,0.3437751004016064,0.3437751004016064,0.3437751004016064,0.3437751004016064
macro avg,0.3412112691407522,0.3441333128867526,0.31599137673002503,4980.0
weighted avg,0.34120331738303783,0.3437751004016064,0.31575449123973226,4980.0
