,precision,recall,f1-score,support
0,0.37593582887700533,0.42323901264298613,0.39818748229963186,1661.0
1,0.3682200152788388,0.5796752856283824,0.45036206493809855,1663.0
2,0.544,0.16346153846153846,0.2513863216266174,1664.0
accuracy,0.3887329591018444,0.3887329591018444,0.3887329591018444,0.3887329591018444
macro avg,0.42938528138528137,0.3887919455776357,0.3666452896214493,4988.0
weighted avg,0.42942969069234455,0.3887329591018444,0.3666095351400236,4988.0
