,precision,recall,f1-score,support
0,0.4536082474226804,0.44924924924924925,0.45141822570911283,1665.0
1,0.4231237322515213,0.6252997601918465,0.5047181224292282,1668.0
2,0.7191392978482446,0.3816105769230769,0.4986258343148803,1664.0
accuracy,0.48549129477686614,0.48549129477686614,0.48549129477686614,0.48549129477686614
macro avg,0.531957092507482,0.4853865287880575,0.4849207274844071,4997.0
weighted avg,0.5318542943713787,0.48549129477686614,0.4849298703857487,4997.0
