,precision,recall,f1-score,support
contradiction,0.3347457627118644,0.0950661853188929,0.14807872539831302,1662.0
entailment,0.3441441441441441,0.45830833833233353,0.39310522253666064,1667.0
neutral,0.3475424097433667,0.48074608904933813,0.4034334763948498,1662.0
accuracy,0.3448206772189942,0.3448206772189942,0.3448206772189942,0.3448206772189942
macro avg,0.34214410553312513,0.3447068709001882,0.3148724747766078,4991.0
weighted avg,0.34214610917829746,0.3448206772189942,0.314950848597245,4991.0
