,precision,recall,f1-score,support
0,0.5289093298291722,0.4829034193161368,0.5048604578237692,1667.0
1,0.48411297440423656,0.6580683863227355,0.5578438850750064,1667.0
2,0.7466996699669967,0.5432172869147659,0.6289089645587214,1666.0
accuracy,0.5614,0.5614,0.5614,0.5614
macro avg,0.5865739914001352,0.561396364184546,0.5638711024858324,5000.0
weighted avg,0.5865419662644217,0.5614,0.5638580949134177,5000.0
