,precision,recall,f1-score,support
contradiction,0.7056778679026651,0.36532693461307736,0.48142292490118577,1667.0
entailment,0.44216417910447764,0.427797833935018,0.43486238532110094,1662.0
neutral,0.4114149821640904,0.6234234234234234,0.49570200573065903,1665.0
accuracy,0.4721665999199039,0.4721665999199039,0.4721665999199039,0.4721665999199039
macro avg,0.5197523430570777,0.4721827306571729,0.47066243865098195,4994.0
weighted avg,0.5198734114474559,0.4721665999199039,0.4706882538557256,4994.0
