,precision,recall,f1-score,support
0,0.4417360285374554,0.44544364508393286,0.4435820895522388,1668.0
1,0.4135753749013418,0.6282973621103117,0.4988100904331271,1668.0
2,0.689171974522293,0.3249249249249249,0.4416326530612245,1665.0
accuracy,0.46630673865226957,0.46630673865226957,0.46630673865226957,0.46630673865226957
macro avg,0.5148277926536967,0.4662219773730565,0.4613416110155301,5001.0
weighted avg,0.5147232070616939,0.46630673865226957,0.46135343402570067,5001.0
