,precision,recall,f1-score,support
contradiction,0.3797752808988764,0.1015625,0.1602655286865813,1664.0
entailment,0.3499134948096886,0.48530293941211755,0.40663483287258106,1667.0
neutral,0.35762181493071077,0.4810583283223091,0.41025641025641024,1663.0
accuracy,0.35602723267921504,0.35602723267921504,0.35602723267921504,0.35602723267921504
macro avg,0.36243686354642524,0.3559745892448089,0.3257189239385242,4994.0
weighted avg,0.36243030466424775,0.35602723267921504,0.32575060400269806,4994.0
