,precision,recall,f1-score,support
0,0.3697429906542056,0.3801801801801802,0.37488895469351496,1665.0
1,0.37021755438859716,0.5935057125676488,0.455994455994456,1663.0
2,0.6048780487804878,0.22342342342342342,0.3263157894736842,1665.0
accuracy,0.39895854195874225,0.39895854195874225,0.39895854195874225,0.39895854195874225
macro avg,0.44827953127443027,0.39903643872375083,0.3857330667205517,4993.0
weighted avg,0.44831079984117794,0.39895854195874225,0.38570492276330204,4993.0
