,precision,recall,f1-score,support
contradiction,0.36099585062240663,0.1045673076923077,0.16216216216216217,1664.0
entailment,0.3404761904761905,0.43020457280385077,0.38011695906432746,1662.0
neutral,0.34345114345114347,0.49729078868151716,0.4062961141170684,1661.0
accuracy,0.34389412472428316,0.34389412472428316,0.34389412472428316,0.34389412472428316
macro avg,0.3483077281832469,0.34402088972589184,0.31619174511451936,4987.0
weighted avg,0.3483137905112217,0.34389412472428316,0.3161119048227794,4987.0
