,precision,recall,f1-score,support
contradiction,0.3264367816091954,0.08543922984356198,0.13543156890796376,1662.0
entailment,0.3422382671480144,0.5680047932893948,0.4271232259517909,1669.0
neutral,0.3437849944008959,0.36987951807228914,0.3563551944283227,1660.0
accuracy,0.3414145461831296,0.3414145461831296,0.3414145461831296,0.3414145461831296
macro avg,0.3374866810527019,0.3411078470684153,0.3063033297626925,4991.0
weighted avg,0.3374908214005221,0.3414145461831296,0.3064527257843299,4991.0
