,precision,recall,f1-score,support
0,0.34596100278551534,0.37319711538461536,0.3590633130962706,1664.0
1,0.352059925093633,0.5635491606714629,0.43337943752881514,1668.0
2,0.4726930320150659,0.15084134615384615,0.2287015945330296,1664.0
accuracy,0.36269015212169736,0.36269015212169736,0.36269015212169736,0.36269015212169736
macro avg,0.39023798663140474,0.3625292074033082,0.3403814483860384,4996.0
weighted avg,0.3902074197286523,0.36269015212169736,0.3404559063437188,4996.0
