,precision,recall,f1-score,support
0,0.33488175675675674,0.4748502994011976,0.3927686973749381,1670.0
1,0.3434940855323021,0.4542719614921781,0.3911917098445596,1662.0
2,0.35498839907192575,0.0918918918918919,0.14599236641221375,1665.0
accuracy,0.3404042425455273,0.3404042425455273,0.3404042425455273,0.3404042425455273
macro avg,0.34445474712032825,0.34033805092842256,0.30998425787723716,4997.0
weighted avg,0.3444457451257206,0.3404042425455273,0.3100183382938044,4997.0
