,precision,recall,f1-score,support
0,0.3688436830835118,0.41456077015643805,0.3903682719546742,1662.0
1,0.3640570767450829,0.5669669669669669,0.443400657585721,1665.0
2,0.47609942638623326,0.15027157513578757,0.22844036697247708,1657.0
accuracy,0.3776083467094703,0.3776083467094703,0.3776083467094703,0.3776083467094703
macro avg,0.4030000620716094,0.3772664374197308,0.35406976550429076,4984.0
weighted avg,0.40290328723662683,0.3776083467094703,0.3542495688086454,4984.0
