,precision,recall,f1-score,support
0,0.34624322230828813,0.5366146458583433,0.4209039548022599,1666.0
1,0.3336683417085427,0.4,0.36383561643835616,1660.0
2,0.33890214797136037,0.08528528528528528,0.1362763915547025,1665.0
accuracy,0.34061310358645563,0.34061310358645563,0.34061310358645563,0.34061310358645563
macro avg,0.3396045706627304,0.34063331038120953,0.30700532093177285,4991.0
weighted avg,0.33961184772071806,0.34061310358645563,0.3069712089614939,4991.0
